political_leaning,vulgar_rate,aggressive_rate
conservative,0.015127795403035046,0.6275854865423114
liberal,0.05031054747428767,0.512605676995142
