subreddit,vulgar_rate,aggressive_rate
democrats,0.06496755372235297,0.4382682243972543
progressive,0.03466194672318203,0.5919723018618086
Conservative,0.015127795403035046,0.6275854865423114
